<?xml version = '1.0' encoding = 'UTF-8'?>
<FKIndexAssociation class="oracle.dbtools.crest.model.design.relational.FKIndexAssociation" directorySegmentName="seg_0" id="66E35CCC-1533-35B4-B15F-51A21943D73D" containerWithKeyObject="C44EFBA2-3AAA-E415-7AB4-7398CE729A63" localFKIndex="DCCFBE90-1FF8-5295-A119-074BA2B19583" name="Score_Categories_FK">
<createdBy>201732860</createdBy>
<createdTime>2019-03-27 18:39:37 UTC</createdTime>
<ownerDesignName>TP2 - Modele Relationnel</ownerDesignName>
<deleteRule>NO ACTION</deleteRule>
<referredTableID>5D0ACC61-A690-5557-C8F2-3A5A1C9EB573</referredTableID>
<keyObject>47045B93-323A-1F7C-07A8-4C306D2B9BA0</keyObject>
<referredKeyID>47045B93-323A-1F7C-07A8-4C306D2B9BA0</referredKeyID>
<mandatory>true</mandatory>
<transferable>true</transferable>
<rely>false</rely>
<columnDependencyConstraintGenerateInDDL>true</columnDependencyConstraintGenerateInDDL>
</FKIndexAssociation>