<?xml version = '1.0' encoding = 'UTF-8'?>
<relationalModel class="oracle.dbtools.crest.model.design.relational.RelationalDesign" name="Relational_1" id="CF25057B-12BA-23F4-380A-03D0B869D112" mainViewID="4183E991-250D-6658-D52D-ECB63EE4A4CA">
<createdBy>201732860</createdBy>
<createdTime>2019-03-27 18:21:07 UTC</createdTime>
<ownerDesignName>TP2 - Modele Relationnel</ownerDesignName>
<shouldBeOpen>false</shouldBeOpen>
<selectedRDBMSSite>32076570-2523-435C-2E92-BF29817DFF70</selectedRDBMSSite>
</relationalModel>