<?xml version = '1.0' encoding = 'UTF-8'?>
<Table class="oracle.dbtools.crest.model.design.relational.Table" directorySegmentName="seg_0" id="275B7E72-3B16-B3CA-A0BA-85C2D3819C57" name="Reponses">
<createdBy>201732860</createdBy>
<createdTime>2019-03-27 18:32:28 UTC</createdTime>
<ownerDesignName>TP2 - Modele Relationnel</ownerDesignName>
<ordsAlias>table_3</ordsAlias>
<allowColumnReorder>false</allowColumnReorder>
<existDependencyGenerateInDDl>true</existDependencyGenerateInDDl>
<parsed>true</parsed>
<columns itemClass="oracle.dbtools.crest.model.design.relational.Column">
<Column name="numReponse" id="8B2EA722-A0DD-7870-66AA-98966520C7D5">
<createdBy>201732860</createdBy>
<createdTime>2019-03-27 18:34:18 UTC</createdTime>
<ownerDesignName>TP2 - Modele Relationnel</ownerDesignName>
<useDomainConstraints>false</useDomainConstraints>
<use>1</use>
<logicalDatatype>LOGDT019</logicalDatatype>
<dataTypePrecision>20</dataTypePrecision>
<ownDataTypeParameters>,20,</ownDataTypeParameters>
<autoIncrementCycle>false</autoIncrementCycle>
</Column>
<Column name="description" id="2FB4F903-96FA-11F7-31A8-C9E766DF6810">
<createdBy>201732860</createdBy>
<createdTime>2019-03-27 18:34:18 UTC</createdTime>
<ownerDesignName>TP2 - Modele Relationnel</ownerDesignName>
<nullsAllowed>true</nullsAllowed>
<useDomainConstraints>false</useDomainConstraints>
<use>1</use>
<logicalDatatype>LOGDT024</logicalDatatype>
<dataTypeSize>60</dataTypeSize>
<ownDataTypeParameters>60,,</ownDataTypeParameters>
<autoIncrementCycle>false</autoIncrementCycle>
</Column>
<Column name="estBonne" id="09A68533-CADA-7EFD-9C4B-ECD299FDDCAE">
<createdBy>201732860</createdBy>
<createdTime>2019-03-27 18:34:18 UTC</createdTime>
<ownerDesignName>TP2 - Modele Relationnel</ownerDesignName>
<nullsAllowed>true</nullsAllowed>
<useDomainConstraints>false</useDomainConstraints>
<use>1</use>
<logicalDatatype>LOGDT006</logicalDatatype>
<dataTypeSize>1</dataTypeSize>
<ownDataTypeParameters>1,,</ownDataTypeParameters>
<autoIncrementCycle>false</autoIncrementCycle>
</Column>
<Column name="numQuestion" id="33D00722-C063-F47E-FC71-EDEE887CA529">
<createdBy>201732860</createdBy>
<createdTime>2019-03-27 18:34:18 UTC</createdTime>
<ownerDesignName>TP2 - Modele Relationnel</ownerDesignName>
<useDomainConstraints>false</useDomainConstraints>
<use>1</use>
<logicalDatatype>LOGDT019</logicalDatatype>
<dataTypePrecision>20</dataTypePrecision>
<ownDataTypeParameters>,,</ownDataTypeParameters>
<autoIncrementCycle>false</autoIncrementCycle>
<associations>
<colAssociation fkAssociation="8773206B-954F-D1EE-B58D-D312EBAECB0E" referredColumn="551C7F38-094B-F9E6-797B-0AD67415617B"/>
</associations>
</Column>
</columns>
<indexes itemClass="oracle.dbtools.crest.model.design.relational.Index">
<ind_PK_UK id="E1DCF230-D432-E497-FFD0-0DD850263A4C" name="Reponses_PK">
<createdBy>201732860</createdBy>
<createdTime>2019-03-27 18:34:18 UTC</createdTime>
<ownerDesignName>TP2 - Modele Relationnel</ownerDesignName>
<pk>true</pk>
<indexState>Primary Constraint</indexState>
<isSurrogateKey>false</isSurrogateKey>
<indexColumnUsage>
<colUsage columnID="8B2EA722-A0DD-7870-66AA-98966520C7D5"/>
</indexColumnUsage>
</ind_PK_UK>
<ind_PK_UK id="EF20322B-C8F4-B915-4155-7F0A0E953439" name="Reponses_Questions_FK">
<createdBy>201732860</createdBy>
<createdTime>2019-03-27 18:34:32 UTC</createdTime>
<ownerDesignName>TP2 - Modele Relationnel</ownerDesignName>
<indexState>Foreign Key</indexState>
<isSurrogateKey>false</isSurrogateKey>
<indexColumnUsage>
<colUsage columnID="33D00722-C063-F47E-FC71-EDEE887CA529"/>
</indexColumnUsage>
</ind_PK_UK>
</indexes>
</Table>