<?xml version = '1.0' encoding = 'UTF-8'?>
<Table class="oracle.dbtools.crest.model.design.relational.Table" directorySegmentName="seg_0" id="5D0ACC61-A690-5557-C8F2-3A5A1C9EB573" name="Categories">
<createdBy>201732860</createdBy>
<createdTime>2019-03-27 18:26:12 UTC</createdTime>
<ownerDesignName>TP2 - Modele Relationnel</ownerDesignName>
<ordsAlias>table_1</ordsAlias>
<allowColumnReorder>false</allowColumnReorder>
<existDependencyGenerateInDDl>true</existDependencyGenerateInDDl>
<parsed>true</parsed>
<columns itemClass="oracle.dbtools.crest.model.design.relational.Column">
<Column name="codeCategorie" id="B5B418AF-D4B7-A55F-3ABF-D9741E88CF7D">
<createdBy>201732860</createdBy>
<createdTime>2019-03-27 18:27:08 UTC</createdTime>
<ownerDesignName>TP2 - Modele Relationnel</ownerDesignName>
<useDomainConstraints>false</useDomainConstraints>
<use>1</use>
<logicalDatatype>LOGDT025</logicalDatatype>
<dataTypeSize>1</dataTypeSize>
<ownDataTypeParameters>1,,</ownDataTypeParameters>
<autoIncrementCycle>false</autoIncrementCycle>
</Column>
<Column name="nom" id="25527C5B-651D-E5BF-97DE-159D51052294">
<createdBy>201732860</createdBy>
<createdTime>2019-03-27 18:27:32 UTC</createdTime>
<ownerDesignName>TP2 - Modele Relationnel</ownerDesignName>
<nullsAllowed>true</nullsAllowed>
<useDomainConstraints>false</useDomainConstraints>
<use>1</use>
<logicalDatatype>LOGDT024</logicalDatatype>
<dataTypeSize>30</dataTypeSize>
<ownDataTypeParameters>30,,</ownDataTypeParameters>
<autoIncrementCycle>false</autoIncrementCycle>
</Column>
<Column name="couleur" id="DB0875AE-A082-831B-3386-BD90D94E70AA">
<createdBy>201732860</createdBy>
<createdTime>2019-03-27 18:27:47 UTC</createdTime>
<ownerDesignName>TP2 - Modele Relationnel</ownerDesignName>
<nullsAllowed>true</nullsAllowed>
<useDomainConstraints>false</useDomainConstraints>
<use>1</use>
<logicalDatatype>LOGDT024</logicalDatatype>
<dataTypeSize>20</dataTypeSize>
<ownDataTypeParameters>20,,</ownDataTypeParameters>
<autoIncrementCycle>false</autoIncrementCycle>
</Column>
</columns>
<indexes itemClass="oracle.dbtools.crest.model.design.relational.Index">
<ind_PK_UK id="47045B93-323A-1F7C-07A8-4C306D2B9BA0" name="Categories_PK">
<createdBy>201732860</createdBy>
<createdTime>2019-03-27 18:27:08 UTC</createdTime>
<ownerDesignName>TP2 - Modele Relationnel</ownerDesignName>
<pk>true</pk>
<indexState>Primary Constraint</indexState>
<isSurrogateKey>false</isSurrogateKey>
<indexColumnUsage>
<colUsage columnID="B5B418AF-D4B7-A55F-3ABF-D9741E88CF7D"/>
</indexColumnUsage>
</ind_PK_UK>
</indexes>
</Table>