<?xml version = '1.0' encoding = 'UTF-8'?>
<Table class="oracle.dbtools.crest.model.design.relational.Table" directorySegmentName="seg_0" id="7B85E583-7107-FD86-5EA7-3EECC5C7EA2D" name="Joueurs">
<createdBy>201732860</createdBy>
<createdTime>2019-03-27 18:38:23 UTC</createdTime>
<ownerDesignName>TP2 - Modele Relationnel</ownerDesignName>
<ordsAlias>table_5</ordsAlias>
<allowColumnReorder>false</allowColumnReorder>
<existDependencyGenerateInDDl>true</existDependencyGenerateInDDl>
<parsed>true</parsed>
<columns itemClass="oracle.dbtools.crest.model.design.relational.Column">
<Column name="aliasJoueur" id="53796020-7275-5589-1696-B489C12D79A7">
<createdBy>201732860</createdBy>
<createdTime>2019-03-27 18:39:00 UTC</createdTime>
<ownerDesignName>TP2 - Modele Relationnel</ownerDesignName>
<useDomainConstraints>false</useDomainConstraints>
<use>1</use>
<logicalDatatype>LOGDT024</logicalDatatype>
<dataTypeSize>20</dataTypeSize>
<ownDataTypeParameters>20,,</ownDataTypeParameters>
<autoIncrementCycle>false</autoIncrementCycle>
</Column>
<Column name="nom" id="A69D2992-20B2-31BF-08D9-0593767160F4">
<createdBy>201732860</createdBy>
<createdTime>2019-03-27 18:39:10 UTC</createdTime>
<ownerDesignName>TP2 - Modele Relationnel</ownerDesignName>
<nullsAllowed>true</nullsAllowed>
<useDomainConstraints>false</useDomainConstraints>
<use>1</use>
<logicalDatatype>LOGDT024</logicalDatatype>
<dataTypeSize>40</dataTypeSize>
<ownDataTypeParameters>40,,</ownDataTypeParameters>
<autoIncrementCycle>false</autoIncrementCycle>
</Column>
<Column name="prenom" id="12FAA95D-E5F8-1FA1-F1E3-E872B5939955">
<createdBy>201732860</createdBy>
<createdTime>2019-03-27 18:39:19 UTC</createdTime>
<ownerDesignName>TP2 - Modele Relationnel</ownerDesignName>
<nullsAllowed>true</nullsAllowed>
<useDomainConstraints>false</useDomainConstraints>
<use>1</use>
<logicalDatatype>LOGDT024</logicalDatatype>
<dataTypeSize>40</dataTypeSize>
<ownDataTypeParameters>40,,</ownDataTypeParameters>
<autoIncrementCycle>false</autoIncrementCycle>
</Column>
</columns>
<indexes itemClass="oracle.dbtools.crest.model.design.relational.Index">
<ind_PK_UK id="84DB0F5D-E1DA-7103-436D-C34072419D5A" name="Joueurs_PK">
<createdBy>201732860</createdBy>
<createdTime>2019-03-27 18:39:00 UTC</createdTime>
<ownerDesignName>TP2 - Modele Relationnel</ownerDesignName>
<pk>true</pk>
<indexState>Primary Constraint</indexState>
<isSurrogateKey>false</isSurrogateKey>
<indexColumnUsage>
<colUsage columnID="53796020-7275-5589-1696-B489C12D79A7"/>
</indexColumnUsage>
</ind_PK_UK>
</indexes>
</Table>