<?xml version = '1.0' encoding = 'UTF-8'?>
<Diagram class="oracle.dbtools.crest.swingui.relational.DPVRelational" name="Relational_1" id="4183E991-250D-6658-D52D-ECB63EE4A4CA">
<createdBy>201732860</createdBy>
<modifiedBy>201732860</modifiedBy>
<createdTime>2019-03-27 18:21:07 UTC</createdTime>
<autoRoute>false</autoRoute>
<boxInbox>true</boxInbox>
<showLegend>false</showLegend>
<showLabels>false</showLabels>
<showRelAttributes>false</showRelAttributes>
<gridEnabled>false</gridEnabled>
<showGrid>false</showGrid>
<diagramColor>-1</diagramColor>
<display>false</display>
<notation>1</notation>
<objectViews>
<OView class="oracle.dbtools.crest.swingui.relational.TVTable" oid="275B7E72-3B16-B3CA-A0BA-85C2D3819C57" otype="Table" vid="92C8E8C5-2461-18D4-53DC-B89DF38D8B9A">
<hideElementsInCurrentOnly>false</hideElementsInCurrentOnly>
<bounds x="356" y="306" width="223" height="122"/>
</OView>
<OView class="oracle.dbtools.crest.swingui.relational.TVTable" oid="5D0ACC61-A690-5557-C8F2-3A5A1C9EB573" otype="Table" vid="7F1434F5-8DF8-F3EB-4FBA-7EE4733D3F41">
<hideElementsInCurrentOnly>false</hideElementsInCurrentOnly>
<bounds x="37" y="36" width="205" height="88"/>
</OView>
<OView class="oracle.dbtools.crest.swingui.relational.TVTable" oid="7B85E583-7107-FD86-5EA7-3EECC5C7EA2D" otype="Table" vid="8CD3E2C9-F6FB-C8DA-7232-98E253B2EDDD">
<hideElementsInCurrentOnly>false</hideElementsInCurrentOnly>
<bounds x="38" y="357" width="189" height="88"/>
</OView>
<OView class="oracle.dbtools.crest.swingui.relational.TVTable" oid="C44EFBA2-3AAA-E415-7AB4-7398CE729A63" otype="Table" vid="AFA50CB3-5283-68A6-7262-0335FDDB8230">
<hideElementsInCurrentOnly>false</hideElementsInCurrentOnly>
<bounds x="27" y="171" width="222" height="122"/>
</OView>
<OView class="oracle.dbtools.crest.swingui.relational.TVTable" oid="F449BB4A-C11E-2E68-D05D-40C92D9A5612" otype="Table" vid="68357895-E938-7B01-4070-0143D7FB7DD5">
<hideElementsInCurrentOnly>false</hideElementsInCurrentOnly>
<bounds x="359" y="24" width="235" height="122"/>
</OView>
</objectViews>
<connectors>
<Connector class="oracle.dbtools.crest.swingui.relational.TVFKRelation" oid="66E35CCC-1533-35B4-B15F-51A21943D73D" otype="FKIndexAssociation" vid_source="7F1434F5-8DF8-F3EB-4FBA-7EE4733D3F41" vid_target="AFA50CB3-5283-68A6-7262-0335FDDB8230">
<hideElementsInCurrentOnly>false</hideElementsInCurrentOnly>
<lineWidth>1</lineWidth>
<points>
<point x="139" y="124"/>
<point x="139" y="171"/>
</points>
</Connector>
<Connector class="oracle.dbtools.crest.swingui.relational.TVFKRelation" oid="8773206B-954F-D1EE-B58D-D312EBAECB0E" otype="FKIndexAssociation" vid_source="68357895-E938-7B01-4070-0143D7FB7DD5" vid_target="92C8E8C5-2461-18D4-53DC-B89DF38D8B9A">
<hideElementsInCurrentOnly>false</hideElementsInCurrentOnly>
<lineWidth>1</lineWidth>
<points>
<point x="469" y="146"/>
<point x="469" y="306"/>
</points>
</Connector>
<Connector class="oracle.dbtools.crest.swingui.relational.TVFKRelation" oid="B4C8FFDC-0B7B-C5D0-D276-A173AE14DA96" otype="FKIndexAssociation" vid_source="7F1434F5-8DF8-F3EB-4FBA-7EE4733D3F41" vid_target="68357895-E938-7B01-4070-0143D7FB7DD5">
<hideElementsInCurrentOnly>false</hideElementsInCurrentOnly>
<lineWidth>1</lineWidth>
<points>
<point x="242" y="80"/>
<point x="359" y="80"/>
</points>
</Connector>
<Connector class="oracle.dbtools.crest.swingui.relational.TVFKRelation" oid="E63ED53E-E5C0-26FD-8979-F3BB113F9BC2" otype="FKIndexAssociation" vid_source="8CD3E2C9-F6FB-C8DA-7232-98E253B2EDDD" vid_target="AFA50CB3-5283-68A6-7262-0335FDDB8230">
<hideElementsInCurrentOnly>false</hideElementsInCurrentOnly>
<lineWidth>1</lineWidth>
<points>
<point x="132" y="357"/>
<point x="132" y="293"/>
</points>
</Connector>
</connectors>
</Diagram>